å¾®ä¿¡å,å¾®ä¿¡å·,æ±‰å ¡è´´çº¸,ç”œå“è´´çº¸,å¥¶èŒ¶è´´çº¸,éŸ©é¤æ—¥æ–™è´´çº¸,å·èœè´´çº¸,ç²¤å¼æ—©èŒ¶,åœ°æ–¹ç‰¹è‰²è´´çº¸,ç«é”…è´´çº¸,çƒ¤ä¸²è´´çº¸,é¦™é”…éº»è¾£çƒ«è´´çº¸,é¢ç²‰è´´çº¸,å¼‚åŸŸé£å‘³è´´çº¸,å°åƒè´´çº¸
ä¸ƒ,kaopulaoshi,,,,,,1,,,,,,1,
beatrice,wxid_yrqfqclfhe1312,,,4,,,1,2,,,,2,1,
æ¾œé£,ny53836575,,,,,,,,,,,3,1,1
å°å…”çº¸,sweetdonutsss,2,,3,,,,,1,,2,,1,
...,hanying1234,2,1,3,,,,1,,,,1,2,
xll,urbabygirlliz,,,1,,,,,,,,,,
á°ê«›êªê«€êª€Â·à¦,weiaiApril,,,1,,1,,1,1,,1,1,2,1
è‡ªæ¸¡,in180519,,1,1,,,,,,,,,,1
JY,Z--JYY--,,,,,,1,,,,,,,
å«æˆ‘å¥³ç‹å¤§äººå•Šå–‚,momo0226,,,,,,,,,,,1,,
Kenny æ¥·å“¥å“¥ï½,Kenny2016888,1,1,1,1,,1,1,,,,1,,1
Anna,annaw34,1,,1,,,,,,,,,,
wy,yu502573541,,,,,,,,,2,,,,
Irene,,,,,,,,,,,,,,
æ —å­ğŸŒ°,liz365890,,,,,,,,1,,,1,,
 DoReMi ,xyl819,,,,,,,,,,1,,,
æ”¶è·çš„å­£èŠ‚,lixian201110,,,,,,,1,,,,,,
å°é›¨,WXY2025Adys,,,3,,,,,,,1,,,
áƒ¦ Êš3É,z3z106512sm,,,,1,,,,,,,1,,
,LitAsir,,,,,1,,,,,,,,
æ‰¿è’™æ—¶å…‰ä¸å¼ƒ,Crystal377520,,,,,,,,1,,,,,
Carol,Carol773229,,1,,,,,,,,,,,
Samantha,yahootudou,,,,,,,,,1,,,,
cloud,cloudke,,,1,,,1,,1,,,,,
Grace Tao,taodesigner,,1,4,,,,,,,,,,
Daphne,dzlic20,,,,,,,,,1,1,,,
Anna,annaw34,,,1,,,,,,,,,,
Dong,Dong723,,,,,,1,,,,,,,
ida,idatang101,,2,1,,,,,,,,,,
Chloe,xiaoqingchen1991,1,,,,,,,,1,,,,
Ê˜ÊšÊ˜,YrzMHW,,,,,,,,,,1,,,
kennyæ¥·å“¥å“¥,Kenny2016888,1,,1,,,1,1,,,,1,,1
jin,wng1120,1,,,,,,,,,,,,
ben,hb233z,,2,2,,,,,,,,,,
ç‡•,yancita3696,1,,,,,,,,,,,,
H,Hxiao5299,,1,2,,,,,,,,,,
ğŸ˜,MJEmily,,,,,,1,,,,,,,1
vivianï¼ˆé™ˆç‡•ç§‹ï¼‰,yanqiu800629,1,,,,,1,1,,,,1,1,1
ğŸ§¸V,vikilin_tw,,,2,,,,3,,,,2,,4
Mmmmmmm,linmt123520,,,1,,,,,1,,,,,
å‹¾é­‚çš„èƒ–æ˜“,Y19420SE7EN,1,1,1,,,,,,,,,,
Charlie Liuçºµæ¨ªé›†å›¢,CL9172382070,,1,1,,,1,5,,,,,,
Jimmy,jimmy_sanmi,,,,,,,,,,1,,,
è‰¯æ€§è‰²å¼±,,,2,,,,,,,,1,,,1
StephyğŸ¦„,Stephychen2033,,1,,,,1,,,1,,,,